{
 "116": {
  "name": "Memo",
  "pxusd": 2.766957856,
  "flow": 0.000161424,
  "emitting": true,
  "nVal": 7,
  "floor": 3076.407561962,
  "floor_usd": 8512.290071828562,
  "owncap": 0.0,
  "gross_apy": 134.8541398527773,
  "net_apy": 110.5803946792774,
  "totv": 799001.063518933,
  "val_emit_day": 2952.0164702,
  "maxV": 64
 },
 "69": {
  "name": "ain",
  "pxusd": 3.606272592,
  "flow": 0.001139326,
  "emitting": true,
  "nVal": 9,
  "floor": 4435.228453142,
  "floor_usd": 15994.64280982455,
  "owncap": 38.91130299539536,
  "gross_apy": 126.34392003894474,
  "net_apy": 103.6020144319347,
  "totv": 1705639.6728005141,
  "val_emit_day": 5904.032943440001,
  "maxV": 64
 },
 "40": {
  "name": "Ralph",
  "pxusd": 7.884909552,
  "flow": -1.855e-06,
  "emitting": true,
  "nVal": 7,
  "floor": 1657.525925661,
  "floor_usd": 13069.442003932061,
  "owncap": 64.79170579128154,
  "gross_apy": 100.38249384221886,
  "net_apy": 82.31364495061948,
  "totv": 1073380.397705492,
  "val_emit_day": 2952.01647022,
  "maxV": 64
 },
 "16": {
  "name": "Fast  Thinker",
  "pxusd": 3.466294208,
  "flow": 0.000900611,
  "emitting": true,
  "nVal": 2,
  "floor": 14981.679051613,
  "floor_usd": 51930.907322721076,
  "owncap": 98.55948712008204,
  "gross_apy": 103.6020377401232,
  "net_apy": 84.95367094690103,
  "totv": 1040023.9567775499,
  "val_emit_day": 2952.0164717999996,
  "maxV": 64
 },
 "26": {
  "name": "Perturb",
  "pxusd": 1.6261456639999998,
  "flow": -0.000141882,
  "emitting": true,
  "nVal": 1,
  "floor": 1532649.804319847,
  "floor_usd": 2492311.8337251674,
  "owncap": 100.0,
  "gross_apy": 70.30216619899431,
  "net_apy": 57.64777628317534,
  "totv": 1532649.804319847,
  "val_emit_day": 2952.0164731,
  "maxV": 64
 },
 "58": {
  "name": "greevils",
  "pxusd": 1.4254572799999998,
  "flow": 0.0,
  "emitting": false,
  "nVal": 2,
  "floor": 16278.820499306,
  "floor_usd": 23204.763190548972,
  "owncap": 0.0,
  "gross_apy": 0.0,
  "net_apy": 0.0,
  "totv": 61847.20471773,
  "val_emit_day": 0.0,
  "maxV": 64
 },
 "108": {
  "name": "TalkHead",
  "pxusd": 0.78973128,
  "flow": 0.000511147,
  "emitting": true,
  "nVal": 9,
  "floor": 2247.024527717,
  "floor_usd": 1774.545556465342,
  "owncap": 64.2934963293542,
  "gross_apy": 62.59098500898121,
  "net_apy": 51.32460770736459,
  "totv": 1721471.568116864,
  "val_emit_day": 2952.01646886,
  "maxV": 64
 },
 "82": {
  "name": "Compelle",
  "pxusd": 1.809384512,
  "flow": 0.000490969,
  "emitting": true,
  "nVal": 7,
  "floor": 4139.580613573,
  "floor_usd": 7490.093048374443,
  "owncap": 16.703796702707823,
  "gross_apy": 84.49415704245567,
  "net_apy": 69.28520877481365,
  "totv": 1275219.552878073,
  "val_emit_day": 2952.01647026,
  "maxV": 64
 },
 "78": {
  "name": "Vocence",
  "pxusd": 0.968344624,
  "flow": 0.000137918,
  "emitting": true,
  "nVal": 7,
  "floor": 1216.337479033,
  "floor_usd": 1177.833858791318,
  "owncap": 67.35311610731691,
  "gross_apy": 80.48045487054915,
  "net_apy": 65.9939729938503,
  "totv": 1338817.000254049,
  "val_emit_day": 2952.0164703799996,
  "maxV": 64
 },
 "36": {
  "name": "Eirel",
  "pxusd": 0.842683296,
  "flow": 5.2236e-05,
  "emitting": true,
  "nVal": 7,
  "floor": 8310.526389984,
  "floor_usd": 7003.141769806698,
  "owncap": 69.81108732452812,
  "gross_apy": 80.55401547297258,
  "net_apy": 66.05429268783752,
  "totv": 1337594.413894137,
  "val_emit_day": 2952.01646886,
  "maxV": 64
 },
 "47": {
  "name": "EvolAI",
  "pxusd": 0.744283696,
  "flow": 1.9567e-05,
  "emitting": true,
  "nVal": 11,
  "floor": 8839.852981509,
  "floor_usd": 6579.3584491741385,
  "owncap": 0.0,
  "gross_apy": 82.80673219595649,
  "net_apy": 67.90152040068432,
  "totv": 1301205.809681395,
  "val_emit_day": 2952.0164661399995,
  "maxV": 64
 },
 "122": {
  "name": "CookingTAO",
  "pxusd": 2.753280816,
  "flow": 0.000362588,
  "emitting": true,
  "nVal": 3,
  "floor": 129702.496356261,
  "floor_usd": 357107.3950050034,
  "owncap": 42.59825074004471,
  "gross_apy": 189.68663811734396,
  "net_apy": 155.54304325622206,
  "totv": 1136069.4913598981,
  "val_emit_day": 5904.032944760001,
  "maxV": 64
 }
}